pair_id,contrast,heat_color_map,hsv_hue,hsv_saturation,hsv_value,texture
1,0.7807,0.8605,0.7741,0.703,0.8138,0.7802
2,0.4775,0.6881,0.6235,0.4627,0.5126,0.6745
3,0.7889,0.7603,0.751,0.8329,0.7502,0.7001
4,0.4965,0.7611,0.658,0.4761,0.5918,0.5936
5,0.5501,0.7232,0.3969,0.5164,0.5198,0.7278
6,0.7554,0.7871,0.6692,0.6652,0.7674,0.8261
7,0.4955,0.6347,0.3644,0.2521,0.4088,0.4376
8,0.4398,0.6375,0.769,0.4334,0.5551,0.62
9,0.5791,0.7037,0.6621,0.6948,0.7358,0.7105
10,0.5866,0.7567,0.8106,0.5909,0.7189,0.7401
11,0.7177,0.5478,0.7623,0.5051,0.6397,0.438
12,0.5349,0.6681,0.6321,0.5879,0.607,0.757
13,0.7802,0.803,0.7265,0.6054,0.7988,0.7778
14,0.4367,0.5768,0.6651,0.556,0.6532,0.7456
15,0.4326,0.6625,0.3358,0.5944,0.5757,0.5316
16,0.211,0.6333,0.3001,0.2596,0.3416,0.6613
17,0.4324,0.6315,0.622,0.7044,0.5928,0.6376
18,0.7856,0.8715,0.911,0.8383,0.7368,0.795
19,0.7005,0.6148,0.5502,0.5807,0.8859,0.7459
20,0.5605,0.7717,0.6015,0.7408,0.6953,0.7492
21,0.2753,0.6824,0.373,0.3577,0.4476,0.6474
22,0.3457,0.5901,0.4659,0.4371,0.3763,0.7552
23,0.4147,0.3961,0.6504,0.4085,0.5449,0.468
24,0.5201,0.5408,0.6008,0.4414,0.5189,0.4351
25,0.46,0.5372,0.6951,0.3865,0.4832,0.7271
26,0.4343,0.5912,0.337,0.5222,0.5202,0.657
27,0.6964,0.7453,0.6518,0.4664,0.5182,0.7303
28,0.4166,0.5393,0.462,0.5456,0.445,0.6866
29,0.8159,0.7643,0.6413,0.5102,0.8183,0.8028
30,0.5927,0.794,0.6736,0.7381,0.7009,0.8827
31,0.5354,0.768,0.5483,0.6215,0.5829,0.6354
32,0.4048,0.7245,0.5666,0.3702,0.4541,0.5676
33,0.5183,0.5217,0.4233,0.5966,0.4975,0.5871
34,0.6264,0.7742,0.3814,0.7009,0.653,0.7424
35,0.4618,0.6023,0.3709,0.6387,0.5894,0.5098
36,0.5449,0.7583,0.7177,0.682,0.6123,0.755
37,0.5028,0.7,0.5466,0.5983,0.4733,0.6373
38,0.8113,0.7961,0.589,0.5118,0.7997,0.6333
39,0.7229,0.9025,0.745,0.8072,0.8902,0.7624
40,0.6032,0.7021,0.5696,0.6858,0.7451,0.537
41,0.6037,0.7057,0.5131,0.5464,0.7499,0.7707
42,0.7016,0.7377,0.3783,0.8159,0.7604,0.794
43,0.5301,0.7422,0.2572,0.4827,0.5536,0.6892
44,0.5783,0.6857,0.2714,0.4742,0.5522,0.8031
45,0.5712,0.6544,0.4122,0.5442,0.5477,0.7418
46,0.5769,0.7629,0.6215,0.6764,0.6551,0.8699
47,0.6929,0.7866,0.4284,0.5053,0.4936,0.7028
48,0.7656,0.877,0.8483,0.8227,0.7346,0.8159
49,0.6959,0.7522,0.6384,0.6537,0.7368,0.7666
50,0.8221,0.8354,0.6289,0.6929,0.8036,0.8024
51,0.7273,0.8865,0.529,0.6477,0.8582,0.8962
52,0.807,0.8356,0.7524,0.6445,0.8101,0.6906
53,0.7936,0.8637,0.6524,0.7023,0.7903,0.8295
54,0.7839,0.6879,0.8873,0.7469,0.8035,0.7861
55,0.7802,0.8785,0.7106,0.7741,0.8561,0.7948
56,0.7711,0.8893,0.6868,0.7563,0.8564,0.9065
57,0.3902,0.7122,0.5827,0.4533,0.5365,0.7074
58,0.698,0.9009,0.5902,0.6598,0.786,0.8555
59,0.8095,0.9106,0.7301,0.6749,0.8186,0.841
60,0.5917,0.7149,0.6489,0.6537,0.6933,0.7608
61,0.6694,0.6441,0.7587,0.6109,0.7293,0.7376
62,0.4231,0.8154,0.6135,0.3782,0.5316,0.7162
63,0.5405,0.6817,0.3978,0.4579,0.5785,0.5504
64,0.6234,0.8312,0.8128,0.5823,0.7673,0.8457
65,0.5627,0.6636,0.5551,0.5119,0.5719,0.7643
66,0.4995,0.5653,0.5897,0.5617,0.5936,0.4918
67,0.389,0.4973,0.7251,0.528,0.5627,0.778
68,0.6211,0.593,0.6522,0.5509,0.6706,0.6527
69,0.6438,0.7273,0.7503,0.5924,0.7141,0.7756
70,0.7606,0.8743,0.5126,0.703,0.8522,0.7989
71,0.7428,0.6778,0.4555,0.6719,0.515,0.6668
72,0.2041,0.4651,0.4377,0.204,0.2189,0.3571
73,0.5577,0.8053,0.5551,0.663,0.5673,0.7844
74,0.7043,0.7462,0.3744,0.67,0.7486,0.8616
75,0.6309,0.7494,0.7161,0.6124,0.6201,0.6763
76,0.6274,0.7841,0.7294,0.7203,0.7066,0.7837
77,0.5104,0.7968,0.4659,0.7329,0.7658,0.8084
78,0.6977,0.8072,0.8788,0.7109,0.8378,0.7927
79,0.6229,0.8433,0.8846,0.7449,0.6941,0.7487
80,0.7573,0.726,0.6327,0.685,0.8188,0.6994
81,0.8114,0.803,0.9092,0.6129,0.8144,0.7736
82,0.6839,0.8412,0.2159,0.1907,0.7332,0.8246
83,0.8021,0.8191,0.5438,0.7576,0.8427,0.8242
84,0.8406,0.778,0.6658,0.7642,0.8305,0.7617
85,0.5312,0.5542,0.7115,0.7242,0.5819,0.7332
86,0.5262,0.8123,0.7141,0.4751,0.5641,0.6058
87,0.7024,0.7961,0.4893,0.6526,0.7556,0.6747
88,0.6674,0.6832,0.7254,0.729,0.5846,0.7434
89,0.6913,0.8078,0.6522,0.6298,0.7784,0.7956
90,0.2882,0.6122,0.6609,0.3874,0.5857,0.6427
91,0.6147,0.8746,0.5494,0.7497,0.7831,0.8714
92,0.5293,0.441,0.3515,0.3585,0.5388,0.6771
93,0.7242,0.8197,0.7206,0.683,0.7562,0.8994
94,0.4458,0.8369,0.7318,0.5322,0.6166,0.8135
95,0.5572,0.7499,0.3825,0.6596,0.6327,0.8523
96,0.7753,0.7708,0.5578,0.7495,0.8,0.838
97,0.5559,0.6967,0.6324,0.5304,0.6067,0.5394
98,0.7197,0.817,0.7142,0.7967,0.862,0.839
99,0.6658,0.7636,0.8054,0.7302,0.7748,0.7599
100,0.7302,0.9121,0.8259,0.7121,0.8838,0.8819
101,0.8072,0.8527,0.818,0.7623,0.8062,0.8093
102,0.6437,0.8046,0.4196,0.5713,0.6477,0.7466
103,0.6328,0.8463,0.3846,0.6132,0.68,0.838
104,0.7588,0.7691,0.5819,0.7532,0.7544,0.8218
105,0.6599,0.7263,0.5902,0.7612,0.4969,0.7036
106,0.6326,0.7144,0.5085,0.6243,0.7138,0.7122
107,0.4812,0.7827,0.6728,0.4665,0.5279,0.8269
108,0.7791,0.8671,0.5323,0.7348,0.8292,0.8894
109,0.7769,0.7922,0.7114,0.7605,0.782,0.6949
110,0.4418,0.7037,0.6244,0.4331,0.5284,0.7953
111,0.7713,0.8288,0.7374,0.6674,0.7767,0.767
112,0.653,0.7177,0.7065,0.8103,0.6654,0.8162
113,0.4835,0.6509,0.5209,0.55,0.7879,0.7048
114,0.6219,0.792,0.5958,0.471,0.7549,0.8572
115,0.5164,0.69,0.5722,0.5942,0.644,0.8606
116,0.5512,0.6771,0.4556,0.4899,0.5316,0.7566
117,0.705,0.7793,0.6022,0.6319,0.6606,0.8188
118,0.6326,0.7065,0.6097,0.5846,0.6923,0.8007
119,0.7009,0.8259,0.6634,0.7429,0.8421,0.8582
120,0.7879,0.8734,0.6859,0.7087,0.8037,0.8453
121,0.676,0.6968,0.6772,0.6488,0.6546,0.7331
122,0.4686,0.652,0.6027,0.6721,0.4591,0.6257
123,0.6241,0.5932,0.5351,0.4419,0.7231,0.6864
124,0.6085,0.7274,0.7749,0.6057,0.7392,0.6094
125,0.7272,0.7029,0.5423,0.6243,0.6903,0.7454
126,0.5385,0.6474,0.6822,0.4361,0.6111,0.647
127,0.5794,0.7913,0.6668,0.6035,0.647,0.7746
128,0.5494,0.7249,0.5492,0.5592,0.6135,0.8151
129,0.6927,0.5561,0.2667,0.6972,0.6894,0.6755
130,0.6379,0.6208,0.5852,0.6976,0.607,0.591
131,0.6015,0.6861,0.6953,0.6841,0.5886,0.7843
132,0.6613,0.773,0.8244,0.7886,0.7446,0.735
133,0.5831,0.6325,0.7486,0.3736,0.468,0.6383
134,0.4289,0.6931,0.5929,0.5557,0.6393,0.5963
135,0.7306,0.787,0.7822,0.5909,0.6505,0.8906
136,0.7027,0.8102,0.7404,0.7049,0.7311,0.7457
137,0.7303,0.7675,0.5368,0.6422,0.6917,0.788
138,0.4511,0.5841,0.4527,0.5158,0.6139,0.639
139,0.7318,0.8207,0.7257,0.7362,0.6415,0.876
140,0.3556,0.7097,0.7449,0.4394,0.5274,0.767
141,0.7027,0.6753,0.7725,0.6141,0.5604,0.8016
142,0.5838,0.786,0.689,0.5227,0.6561,0.6996
143,0.518,0.622,0.5743,0.5005,0.5315,0.6663
144,0.5839,0.7771,0.7369,0.5068,0.6724,0.7805
145,0.7487,0.8442,0.6272,0.6929,0.7562,0.9094
146,0.6215,0.7607,0.4624,0.5748,0.7648,0.8762
147,0.6428,0.7413,0.4301,0.4063,0.5815,0.8126
148,0.6821,0.803,0.4851,0.6819,0.5763,0.8131
149,0.576,0.684,0.5801,0.6096,0.644,0.5707
150,0.6737,0.8832,0.8053,0.6448,0.6486,0.8935
151,0.7827,0.8542,0.4554,0.7637,0.8098,0.6854
152,0.7991,0.7533,0.754,0.7627,0.8329,0.9264
153,0.83,0.8579,0.6596,0.5892,0.8279,0.8759
154,0.796,0.7835,0.7258,0.7294,0.6756,0.86
155,0.754,0.858,0.7047,0.7631,0.8073,0.8306
156,0.7932,0.8379,0.5842,0.7941,0.6803,0.8706
157,0.9292,0.918,0.4793,0.816,0.7919,0.817
158,0.8797,0.8448,0.4555,0.8055,0.9003,0.8674
159,0.6224,0.8597,0.5217,0.8423,0.7076,0.8759
160,0.7819,0.8327,0.467,0.6848,0.8489,0.7582
161,0.7998,0.7894,0.6632,0.6827,0.8187,0.7275
162,0.774,0.9048,0.5567,0.6927,0.7466,0.8922
163,0.7393,0.906,0.5361,0.682,0.8404,0.8327
164,0.6513,0.7776,0.5905,0.6901,0.6703,0.8088
165,0.7352,0.84,0.4496,0.7526,0.8016,0.7106
166,0.7407,0.9141,0.6048,0.677,0.8675,0.913
167,0.8543,0.7684,0.7493,0.6757,0.7976,0.8814
168,0.798,0.8895,0.7489,0.5881,0.7534,0.8023
169,0.7362,0.8731,0.6254,0.8812,0.8326,0.8733
170,0.5632,0.8376,0.7787,0.587,0.7925,0.7548
171,0.7861,0.8712,0.6036,0.8631,0.7909,0.8945
172,0.8323,0.8479,0.6624,0.7834,0.7926,0.8255
173,0.8707,0.9233,0.8038,0.8725,0.8941,0.8533
174,0.5488,0.8677,0.8381,0.7663,0.7872,0.8207
175,0.8685,0.8554,0.8208,0.884,0.8941,0.929
176,0.7669,0.8839,0.7791,0.882,0.7598,0.7298
177,0.8514,0.8104,0.6861,0.7194,0.8054,0.8552
178,0.7026,0.8407,0.5602,0.7278,0.7601,0.8196
179,0.808,0.7878,0.7481,0.7883,0.8163,0.7942
180,0.9079,0.9368,0.6672,0.8171,0.8902,0.8011
181,0.7059,0.8369,0.8721,0.661,0.805,0.8524
182,0.9213,0.9115,0.8287,0.8125,0.8959,0.8812
183,0.7931,0.8906,0.7751,0.7123,0.841,0.8981
184,0.8555,0.9475,0.6438,0.8153,0.8665,0.9277
185,0.8188,0.843,0.8232,0.7319,0.8446,0.7076
186,0.8226,0.835,0.8044,0.8299,0.7995,0.8046
187,0.9017,0.8991,0.5082,0.8145,0.8552,0.8093
188,0.7015,0.8274,0.6532,0.7722,0.7177,0.8661
189,0.9215,0.87,0.8588,0.6833,0.8552,0.8502
190,0.751,0.861,0.7414,0.7597,0.7897,0.8424
191,0.792,0.8799,0.7152,0.8156,0.8675,0.8667
192,0.7785,0.8943,0.8581,0.8162,0.8405,0.8578
193,0.6318,0.8089,0.5004,0.4882,0.873,0.8297
194,0.808,0.8693,0.6412,0.8471,0.8571,0.8634
195,0.7975,0.9099,0.7692,0.7692,0.8589,0.8134
196,0.7238,0.8592,0.7972,0.765,0.7028,0.8899
197,0.8384,0.9123,0.7692,0.7904,0.8053,0.9189
198,0.6896,0.7716,0.6901,0.7417,0.721,0.7249
199,0.8193,0.93,0.7606,0.6892,0.7269,0.9577
200,0.8181,0.8587,0.8898,0.7455,0.8435,0.8484
201,0.9013,0.929,0.925,0.8162,0.8103,0.794
202,0.8584,0.9308,0.7784,0.8259,0.8859,0.881
203,0.8018,0.8766,0.5997,0.7379,0.8722,0.8695
204,0.86,0.8432,0.803,0.6632,0.9048,0.8966
205,0.8524,0.9096,0.6549,0.7718,0.8808,0.9107
206,0.7275,0.8631,0.3706,0.6064,0.8404,0.8021
207,0.9363,0.9044,0.8517,0.9013,0.9693,0.9199
208,0.8156,0.8771,0.7003,0.8999,0.8603,0.8347
209,0.8005,0.8993,0.7125,0.8548,0.8036,0.912
210,0.7902,0.8489,0.8499,0.8239,0.8074,0.8225
211,0.7165,0.8133,0.3908,0.6856,0.6404,0.7937
212,0.7726,0.8949,0.5956,0.8531,0.9034,0.9017
213,0.7821,0.8597,0.7615,0.7257,0.7261,0.8032
214,0.8634,0.8579,0.7022,0.7261,0.8512,0.8055
215,0.8879,0.9233,0.7848,0.7201,0.9075,0.9139
216,0.7543,0.9091,0.681,0.7809,0.786,0.8798
217,0.7892,0.8265,0.7374,0.7626,0.8133,0.7011
218,0.8545,0.8627,0.7343,0.7684,0.8973,0.8195
219,0.68,0.8843,0.6487,0.7605,0.8265,0.865
220,0.7827,0.8592,0.854,0.8033,0.7442,0.8472
221,0.7974,0.883,0.8642,0.6719,0.7282,0.7693
222,0.8129,0.8757,0.7507,0.8482,0.7804,0.809
223,0.8347,0.9455,0.7076,0.7722,0.9211,0.9069
224,0.7224,0.7658,0.6312,0.6977,0.8365,0.8762
225,0.7236,0.8722,0.8846,0.8444,0.8297,0.7563
226,0.7196,0.7837,0.7902,0.7356,0.8312,0.7932
227,0.9093,0.9197,0.8712,0.8502,0.9103,0.9011
228,0.8352,0.8232,0.7445,0.7931,0.9411,0.886
229,0.9102,0.8216,0.7534,0.7364,0.8873,0.8425
230,0.7856,0.769,0.644,0.6926,0.8177,0.8367
231,0.7893,0.8294,0.7998,0.7343,0.833,0.8485
232,0.7029,0.9074,0.7905,0.7333,0.862,0.8131
233,0.8318,0.8777,0.802,0.6632,0.9082,0.9065
234,0.8051,0.8445,0.4808,0.7456,0.8918,0.8425
235,0.7605,0.7968,0.8589,0.6292,0.8463,0.7743
236,0.7132,0.8701,0.7468,0.6784,0.7549,0.886
237,0.6953,0.8216,0.4367,0.6748,0.7459,0.8488
238,0.8376,0.9266,0.7709,0.7636,0.8845,0.8337
239,0.8291,0.7031,0.767,0.6366,0.8029,0.6348
240,0.8172,0.792,0.573,0.7782,0.8055,0.8756
